tract,Name,Household_Income_rP_gM_pall
11001000901,"Northwest Washington, Washington, DC",85444
24031705300,"Chevy Chase, MD",82460
51059480100,"Great Falls, VA",80729
51059470100,"McLean, VA",79707
24031706013,"Bethesda, MD",78789
51059480201,"McLean, VA",78388
51013100300,"Old Glebe, Arlington, VA",78154
24031706008,"Potomac, MD",77863
24031705601,"Bethesda, MD",76126
24031706009,"Potomac, MD",75679
24031705701,"Bethesda, MD",75626
51510202001,"Old Town, Alexandria, VA",75603
51510200202,"Seminary Hill, Alexandria, VA",74235
51059470300,"McLean, VA",74103
51059470500,"McLean, VA",73715
24031704700,"Bethesda, MD",72851
51059470600,"McLean, VA",71632
11001000600,"Northwest Washington, Washington, DC",71371
11001000100,"Georgetown, Washington, DC",71081
24031705702,"Bethesda, MD",70167
24031705400,"Chevy Chase, MD",70032
11001001001,"American University Park, Washington, DC",69193
24031705502,"Chevy Chase, MD",68941
24031705200,"Chevy Chase, MD",68642
51510201100,"North Ridge, Alexandria, VA",68561
24031705901,"Bethesda, MD",68504
11001000801,"Northwest Washington, Washington, DC",68475
51059452000,"Annandale, VA",68428
51013100500,"Donaldson Run, Arlington, VA",68268
11001001500,"Northwest Washington, Washington, DC",67987
51059471304,"Falls Church, VA",67986
51059471000,"Falls Church, VA",67799
51059470800,"McLean, VA",67347
24031705100,"Chevy Chase, MD",67264
11001000400,"Naval Observatory, Washington, DC",66756
51059451200,"Falls Church, VA",66367
51059470400,"McLean, VA",65964
24031705903,"Bethesda, MD",65595
51059430500,"Springfield, VA",65417
51013100400,"Arlington, VA",65341
24031705000,"Bethesda, MD",65170
24031704805,"Bethesda, MD",64957
51510200900,"North Ridge, Alexandria, VA",64867
51510200404,"Landmark, Alexandria, VA",64651
11001001401,"Northwest Washington, Washington, DC",64477
51510200801,"Taylor Run, Alexandria, VA",64436
24031705902,"Bannockburn, Bethesda, MD",64332
11001006500,"Southeast Washington, Washington, DC",64028
51510200702,"Eisenhower East, Alexandria, VA",63716
51059471303,"Falls Church, VA",63595
24033806400,"University Park, MD",63579
24031705800,"Glen Echo, MD",63549
51013100200,"Yorktown, Arlington, VA",63436
51013103700,"Arlington Ridge, Arlington, VA",63271
51510201000,"North Ridge, Alexandria, VA",63200
11001001402,"Northwest Washington, Washington, DC",62789
11001000701,"Cathedral Heights, Washington, DC",62677
51059450601,"Falls Church, VA",62638
11001001100,"Northwest Washington, Washington, DC",62483
51610500100,"Falls Church, VA",62421
51610500300,"Falls Church, VA",62172
51059451300,"Falls Church, VA",62123
11001001301,"Northwest Washington, Washington, DC",62089
11001000802,"Northwest Washington, Washington, DC",61750
11001004100,"Northwest Washington, Washington, DC",61548
51059470900,"Falls Church, VA",61279
11001001200,"Northwest Washington, Washington, DC",60745
11001000202,"Georgetown, Washington, DC",60664
51059451800,"Lincolnia, VA",60556
11001006600,"Capitol Hill, Washington, DC",60229
51013102301,"Alcova Heights, Arlington, VA",60150
51013101100,"East Falls Church, Arlington, VA",60091
11001008200,"Northeast Washington, Washington, DC",60004
51059470700,"McLean, VA",59590
11001006700,"Southeast Washington, Washington, DC",59308
51059471401,"Falls Church, VA",59006
51013101200,"Dominion Hills, Arlington, VA",58986
51059451100,"Falls Church, VA",58976
51013101900,"Ashton Heights, Arlington, VA",58830
51510201500,"Potomac West, Alexandria, VA",58573
51059451000,"Annandale, VA",58454
11001010700,"Downtown, Washington, DC",58034
51013102002,"Ashton Heights, Arlington, VA",57642
11001004001,"Adams Morgan, Washington, DC",57295
51059420203,"Alexandria, VA",57185
51013102100,"Glencarlyn, Arlington, VA",57131
11001000502,"Northwest Washington, Washington, DC",57057
24031704600,"Bethesda, MD",56841
51059450900,"Falls Church, VA",56781
51013100100,"Arlington, VA",56705
24033806800,"Berwyn Heights, MD",56679
51013101801,"Court House, Arlington, VA",56601
51013102802,"Claremont, Arlington, VA",56340
51013103000,"Shirlington, Arlington, VA",56325
51059450800,"Annandale, VA",56079
51059452400,"Springfield, VA",55558
51013101000,"Arlington, VA",55406
51013103503,"Crystal City, Arlington, VA",55215
11001000902,"Northwest Washington, Washington, DC",55108
51059450400,"Falls Church, VA",55096
51013100900,"Tara - Leeway Heights, Arlington, VA",54941
51013100600,"Cherrydale, Arlington, VA",54745
24033804200,"Cheverly, MD",54568
11001005600,"Northwest Washington, Washington, DC",54081
51013103602,"Aurora Highlands, Arlington, VA",54037
51059420700,"Alexandria, VA",54026
51059471100,"Falls Church, VA",53812
51059471202,"McLean, VA",53518
11001001002,"Cathedral Heights, Washington, DC",53500
51510202002,"Old Town, Alexandria, VA",53199
24031705501,"Chevy Chase, MD",52741
51059452501,"Alexandria, VA",52564
51059452102,"Annandale, VA",51772
51610500200,"Falls Church, VA",51662
51013101402,"Virginia Square, Arlington, VA",51608
51059420100,"Springfield, VA",51509
51013103401,"Fort Myer, Arlington, VA",51396
24033800707,"Greater Upper Marlboro, Upper Marlboro, MD",51079
51059420300,"Alexandria, VA",51046
11001002600,"Northwest Washington, Washington, DC",50881
11001004202,"Northwest Washington, Washington, DC",50860
51510201900,"Old Town, Alexandria, VA",50859
51059450100,"Falls Church, VA",50662
51510200701,"Eisenhower West, Alexandria, VA",50634
24031702401,"Silver Spring, MD",50540
51059451501,"Falls Church, VA",50539
51059430600,"Springfield, VA",50374
51013103402,"Crystal City, Arlington, VA",50291
24033807200,"College Park, MD",50271
51059450200,"Falls Church, VA",49658
11001005500,"Northwest Washington, Washington, DC",49650
51510200403,"Landmark, Alexandria, VA",49644
24031704806,"Bethesda, MD",49463
51059452101,"Annandale, VA",49341
51013101300,"Bluemont, Arlington, VA",49325
51013100700,"Arlington, VA",49308
51013103502,"Aurora Highlands, Arlington, VA",49186
24033806706,"Greenbelt, MD",48982
51059415200,"Alexandria, VA",48904
24033807000,"College Park, MD",48901
51013103601,"Aurora Highlands, Arlington, VA",48655
51059452200,"Annandale, VA",48574
51013101404,"Virginia Square, Arlington, VA",48344
51510200302,"Seminary Hill, Alexandria, VA",48329
51013101500,"Lyon Village, Arlington, VA",48312
51013101403,"Virginia Square, Arlington, VA",48034
51059450500,"Falls Church, VA",48014
11001001302,"Forest Hills, Washington, DC",47940
51059452600,"Alexandria, VA",47770
51510200201,"Seminary Hill, Alexandria, VA",47593
51059420202,"Alexandria, VA",47480
24031704804,"Bethesda, MD",47358
24031705602,"Chevy Chase, MD",47310
11001007301,"Southwest Washington, Washington, DC",47280
51013101803,"Lyon Park, Arlington, VA",47161
51059452801,"Alexandria, VA",46966
24033803516,"Bowie, MD",46896
11001000702,"Northwest Washington, Washington, DC",46821
11001005301,"Northwest Washington, Washington, DC",46681
51059420201,"Alexandria, VA",46618
51059450702,"Annandale, VA",46411
11001000300,"Northwest Washington, Washington, DC",46338
51059450300,"Falls Church, VA",46289
11001010100,"Downtown, Washington, DC",46079
24033807102,"Riverdale, Riverdale Park, MD",45567
11001001600,"Northwest Washington, Washington, DC",45398
51059420600,"Groveton, Alexandria, VA",45242
51013102400,"Arlington Heights, Arlington, VA",45189
51013102902,"Shirlington, Arlington, VA",45082
24033806708,"Greenbelt, MD",44814
51013101603,"North Rosslyn, Arlington, VA",44713
51013101802,"Court House, Arlington, VA",44502
51059430700,"Springfield, VA",44312
51059451900,"Alexandria, VA",43918
24033801104,"Joint Base Andrews, MD",43861
51510201400,"Potomac West, Alexandria, VA",43838
24033800408,"Glenn Dale, MD",43753
51510201300,"Del Ray, Alexandria, VA",43690
24033800411,"Glenn Dale, MD",43579
24031701800,"Takoma Park, MD",43295
51059451602,"Falls Church, VA",43143
24033803523,"Bowie, MD",42935
24033803520,"Bowie, MD",42929
24033805801,"Adelphi, MD",42784
51013102003,"Buckingham, Arlington, VA",42742
11001005800,"Northwest Washington, Washington, DC",42727
24033806710,"Greenbelt, MD",42622
51013103501,"Arlington Ridge, Arlington, VA",42595
24033800412,"Lanham, MD",42421
24033803606,"Lanham, MD",42295
51013101703,"Radnor - Fort Myer Heights, Arlington, VA",42199
24033806711,"Greenbelt, MD",42057
24033806100,"Hyattsville, MD",42005
51013102302,"Barcroft, Arlington, VA",41931
11001001902,"Manor Park, Washington, DC",41824
51059450602,"Falls Church, VA",41671
51510200600,"Seminary Hill, Alexandria, VA",41656
51510200407,"Landmark, Alexandria, VA",41644
24031704803,"Bethesda, MD",41473
51013101702,"Radnor - Fort Myer Heights, Arlington, VA",41335
51013102702,"Douglas Park, Arlington, VA",41325
51059420502,"Alexandria, VA",41303
51013101401,"Bluemont, Arlington, VA",41287
51013101701,"Radnor - Fort Myer Heights, Arlington, VA",41270
51059452700,"Falls Church, VA",41247
51013102600,"Douglas Park, Arlington, VA",41189
24031702700,"Silver Spring, MD",41080
24033805904,"Hyattsville, MD",40949
51059451502,"Bailey's Crossroads, VA",40709
51510201801,"Northeast Alexandria, Alexandria, VA",40682
51510201802,"Old Town, Alexandria, VA",40662
51013102001,"Buckingham, Arlington, VA",40347
51059420503,"Alexandria, VA",40322
51013100800,"High View Park, Arlington, VA",40282
24033801211,"Clinton, MD",40139
51059451400,"Seven Corners, VA",39986
24031701703,"Takoma Park, MD",39939
24033805500,"Hyattsville, MD",39911
51510200104,"Alexandria West, Alexandria, VA",39585
51510200105,"Alexandria West, Alexandria, VA",39550
51510200106,"Alexandria West, Alexandria, VA",39543
51013103300,"Arlington Views, Arlington, VA",39396
24033803521,"Bowie, MD",39349
24031701701,"Takoma Park, MD",39246
11001000501,"Northwest Washington, Washington, DC",39235
51510200102,"Alexandria West, Alexandria, VA",39037
24033800706,"Upper Marlboro, MD",38864
11001003900,"Lanier Heights, Washington, DC",38835
11001010300,"Northwest Washington, Washington, DC",38732
51510200301,"Seminary Hill, Alexandria, VA",38728
51059452802,"Bailey's Crossroads, VA",38725
24033805802,"Hyattsville, MD",38723
24031702602,"Silver Spring, MD",38692
11001008100,"Northeast Washington, Washington, DC",38668
51059451601,"Bailey's Crossroads, VA",38531
24033801407,"Fort Washington, MD",38510
11001002701,"Northwest Washington, Washington, DC",38417
24033801901,"Temple Hills, MD",38255
24033806712,"Greenbelt, MD",38148
51510200802,"Taylor Run, Alexandria, VA",38051
11001008301,"Northeast Washington, Washington, DC",37929
51013103200,"Columbia Heights, Arlington, VA",37904
24033803610,"New Carrollton, MD",37719
51510200107,"Alexandria West, Alexandria, VA",37509
24033800413,"Lanham, MD",37420
24033800701,"Upper Marlboro, MD",37305
24033806200,"Hyattsville, MD",37260
24033803527,"Upper Marlboro, MD",37147
51013102200,"Arlington Mill, Arlington, VA",36997
24033803512,"Upper Marlboro, MD",36987
51059452502,"Lincolnia, VA",36951
51013102701,"Douglas Park, Arlington, VA",36925
51510200103,"Alexandria West, Alexandria, VA",36847
24033804101,"Cheverly, MD",36700
24033803605,"New Carrollton, MD",36699
11001009901,"Penn Branch, Washington, DC",36298
24031702402,"Silver Spring, MD",36273
11001009000,"Fort Lincoln, Washington, DC",36103
24033805700,"Hyattsville, MD",36096
51013102500,"Penrose, Arlington, VA",36006
11001008302,"Northeast Washington, Washington, DC",35905
24033803608,"Lanham, MD",35795
51510200406,"Landmark, Alexandria, VA",35717
24033803601,"Springdale, MD",35639
51013103800,"Long Branch Creek, Arlington, VA",35570
24031702000,"New Hampshire Estates, Silver Spring, MD",35554
51013102801,"Columbia Forest, Arlington, VA",35488
11001011000,"Southwest Washington, Washington, DC",35423
11001002001,"16th Street Heights, Washington, DC",35421
51510200303,"Landmark, Alexandria, VA",35411
24033801404,"National Harbor, Oxon Hill, MD",35369
24033801405,"Oxon Hill, MD",35354
24033803803,"Riverdale, Woodlawn, MD",35321
24033805101,"Chillum, MD",35270
11001010200,"Southwest Washington, Washington, DC",35269
24033803700,"Hyattsville, MD",35262
51510200703,"Southwest Quadrant, Alexandria, VA",35154
24033803607,"Lanham, MD",35095
11001002302,"Northwest Washington, Washington, DC",35087
24033804700,"Mount Rainier, MD",35075
24033805202,"Takoma Park, MD",35061
24033806602,"Riverdale, East Riverdale, MD",35060
24033805908,"Chillum, MD",35035
24033801904,"Suitland, Camp Springs, MD",34738
24031702500,"Downtown Silver Spring, Silver Spring, MD",34683
51510200405,"Landmark, Alexandria, VA",34644
11001009503,"Northeast Washington, Washington, DC",34612
24033805909,"Hyattsville, MD",34537
24031701704,"Takoma Park, MD",34522
24031702601,"Downtown Silver Spring, Silver Spring, MD",34405
51059420400,"Alexandria, VA",34386
24033806300,"Hyattsville, MD",34307
24033805201,"Hyattsville, MD",34129
51510201202,"Potomac West, Alexandria, VA",34103
11001002702,"Mount Pleasant, Washington, DC",34016
11001004002,"Adams Morgan, Washington, DC",34009
51510200500,"Seminary Hill, Alexandria, VA",33755
24033806501,"Riverdale, Riverdale Park, MD",33677
24033806000,"Hyattsville, MD",33453
11001001702,"Northwest Washington, Washington, DC",33434
11001009507,"Northeast Washington, Washington, DC",33350
24033802201,"Upper Marlboro, MD",33251
11001009504,"Michigan Park, Washington, DC",33146
24033801214,"Clinton, MD",33052
24033803513,"Largo, MD",33008
24033802301,"District Heights, MD",32734
11001004300,"Northwest Washington, Washington, DC",32675
24033801409,"Fort Washington, MD",32641
51013101602,"Colonial Village, Arlington, VA",32429
11001009505,"Northeast Washington, Washington, DC",32311
24033801905,"Suitland, Camp Springs, MD",32306
24033802103,"District Heights, MD",32084
24033804102,"Hyattsville, MD",31927
11001002802,"Columbia Heights, Washington, DC",31896
24033805000,"Hyattsville, MD",31853
24033801212,"Camp Springs, MD",31730
51013102901,"Shirlington, Arlington, VA",31646
24033803602,"Glenarden, MD",31534
24033801906,"Morningside, MD",31308
51013103100,"Nauck, Arlington, VA",31178
11001001803,"Brightwood, Washington, DC",30873
24033805602,"Hyattsville, MD",30869
24033804900,"Hyattsville, MD",30856
24033801408,"Fort Washington, MD",30842
24033801706,"Temple Hills, MD",30822
11001002400,"Northwest Washington, Washington, DC",30809
11001009508,"Northeast Washington, Washington, DC",30777
11001001804,"Brightwood, Washington, DC",30740
24033806601,"Prince Georges County, MD",30616
24033802203,"Forestville, MD",30581
24033803524,"Hyattsville, MD",30548
24033803519,"Landover, Hyattsville, MD",30526
51510201600,"Old Town West, Alexandria, VA",30516
24033804400,"Brentwood, MD",30418
11001001901,"Brightwood, Washington, DC",30397
24033803613,"Lanham, MD",30381
24033803514,"Largo, MD",30224
24033802204,"District Heights, MD",30114
11001009509,"Michigan Park, Washington, DC",30048
11001002502,"Northwest Washington, Washington, DC",30008
24033804002,"Bladensburg, MD",29983
24033801708,"Oxon Hill, MD",29937
11001002002,"16th Street Heights, Washington, DC",29861
24033802104,"District Heights, MD",29860
24031702301,"Silver Spring, MD",29753
11001005002,"Downtown, Washington, DC",29684
11001009201,"Edgewood, Washington, DC",29562
11001009301,"Northeast Washington, Washington, DC",29308
51510201203,"Potomac West, Alexandria, VA",29231
24031701702,"Takoma Park, MD",29094
11001005201,"Downtown, Washington, DC",29067
11001009400,"Northeast Washington, Washington, DC",28669
24033803801,"Hyattsville, MD",28586
24031701900,"Takoma Park, MD",28560
11001002801,"Columbia Heights, Washington, DC",28558
24033803612,"Lanham, MD",28547
11001002101,"Brightwood Park, Washington, DC",28514
11001003302,"Bloomingdale, Washington, DC",28462
24033803900,"Hyattsville, MD",28399
24033801805,"Temple Hills, MD",28378
11001007603,"Southeast Washington, Washington, DC",28356
24033804600,"Brentwood, MD",28339
11001002501,"16th Street Heights, Washington, DC",28290
11001002202,"Northwest Washington, Washington, DC",28265
24033802502,"Capitol Heights, MD",28103
11001011100,"Northeast Washington, Washington, DC",28032
11001005900,"Northwest Washington, Washington, DC",27973
24033802804,"Capitol Heights, MD",27817
11001002201,"Northwest Washington, Washington, DC",27816
24033805601,"Hyattsville, MD",27788
11001009604,"Northeast Washington, Washington, DC",27743
24033801804,"Temple Hills, MD",27678
24033803002,"Capitol Heights, MD",27402
24033804801,"Mount Rainier, MD",27300
24033803508,"Glenarden, MD",27262
11001007604,"Southeast Washington, Washington, DC",27188
11001004902,"Downtown, Washington, DC",27136
24033801702,"Temple Hills, MD",27038
11001009203,"Northeast Washington, Washington, DC",26953
24033804300,"Hyattsville, MD",26805
24033804802,"Mount Rainier, MD",26802
11001003000,"Columbia Heights, Washington, DC",26769
11001008402,"Northeast Washington, Washington, DC",26640
24033801701,"Temple Hills, MD",26542
24033801500,"Oxon Hill, MD",26534
11001008001,"Northeast Washington, Washington, DC",26365
11001002102,"Northwest Washington, Washington, DC",26315
24033801907,"Suitland, Suitland-Silver Hill, MD",26261
11001003200,"Northwest Washington, Washington, DC",26208
11001007806,"Northeast Washington, Washington, DC",26154
24033802001,"Suitland, Suitland-Silver Hill, MD",26012
24033801808,"Hillcrest Heights, MD",25744
24033802002,"District Heights, MD",25728
11001002900,"Northwest Washington, Washington, DC",25650
11001009803,"Congress Heights, Washington, DC",25565
24033802700,"Capitol Heights, MD",25565
24033801807,"Hillcrest Heights, MD",25538
24033803525,"Hyattsville, MD",25531
11001006900,"Southeast Washington, Washington, DC",25471
24033803100,"Capitol Heights, MD",25346
24033802901,"Capitol Heights, MD",25255
24033802501,"Suitland, Suitland-Silver Hill, MD",25225
24033801704,"Oxon Hill, MD",25208
11001003700,"Northwest Washington, Washington, DC",25173
11001004400,"Northwest Washington, Washington, DC",25075
11001003301,"Bloomingdale, Washington, DC",25019
11001004201,"Northwest Washington, Washington, DC",24985
24033803300,"Hyattsville, MD",24875
24033802107,"District Heights, MD",24863
11001010500,"Southwest Washington, Washington, DC",24771
24033801802,"Temple Hills, MD",24726
24033802404,"District Heights, MD",24661
51510201204,"Del Ray, Alexandria, VA",24585
11001009804,"Southeast Washington, Washington, DC",24523
11001003600,"Columbia Heights, Washington, DC",24346
24033802408,"Capitol Heights, MD",24283
24033802406,"Suitland, Suitland-Silver Hill, MD",24268
11001009902,"Southeast Washington, Washington, DC",24138
24033801707,"Oxon Hill, MD",24093
24033802803,"Capitol Heights, MD",24056
24033802106,"Suitland-Silver Hill, MD",24030
11001003800,"Northwest Washington, Washington, DC",23973
11001004802,"Northwest Washington, Washington, DC",23915
24033803402,"Landover, Hyattsville, MD",23906
11001007809,"Northeast Washington, Washington, DC",23866
11001007707,"Benning Ridge, Washington, DC",23820
11001002301,"Northwest Washington, Washington, DC",23819
11001007803,"Lower Central NE, Washington, DC",23748
24033803001,"Capitol Heights, MD",23747
11001008701,"Eckington, Washington, DC",23736
24033802405,"Suitland, Suitland-Silver Hill, MD",23700
11001009601,"Kenilworth, Washington, DC",23665
11001009807,"Bellevue, Washington, DC",23567
24033801908,"Suitland, Suitland-Silver Hill, MD",23448
11001009905,"Marshall Heights, Washington, DC",23300
24033802407,"District Heights, MD",23279
11001009302,"Brookland, Washington, DC",23191
24033802600,"Capitol Heights, MD",23172
11001009501,"Northeast Washington, Washington, DC",23040
24033804001,"Bladensburg, MD",23013
11001007703,"Fort Dupont, Washington, DC",22985
24033801801,"Temple Hills, MD",22972
11001006802,"Barney Circle, Washington, DC",22858
11001007903,"Kingman Park, Washington, DC",22818
11001004600,"Northwest Washington, Washington, DC",22755
11001009603,"Northeast Washington, Washington, DC",22713
11001007000,"Southeast Washington, Washington, DC",22649
11001003500,"Northwest Washington, Washington, DC",22627
24033803401,"Landover, Hyattsville, MD",22574
11001007807,"Northeast Washington, Washington, DC",22551
11001003400,"Howard University, Washington, DC",22376
24033803200,"Hyattsville, MD",22347
11001008410,"Northeast Washington, Washington, DC",22265
11001006801,"Hill East, Washington, DC",22234
11001009903,"Southeast Washington, Washington, DC",22103
11001007808,"Grant Park, Washington, DC",22087
11001007708,"Southeast Washington, Washington, DC",22041
11001008002,"Northeast Washington, Washington, DC",22035
11001007403,"Shipley, Washington, DC",21934
24033801600,"Oxon Hill, MD",21922
24033803509,"Dodge Park, Hyattsville, MD",21678
11001007605,"Fairlawn, Washington, DC",21659
11001007100,"Southeast Washington, Washington, DC",21630
11001007304,"Congress Heights, Washington, DC",21587
24033802805,"Pepper Mill Village, Capitol Heights, MD",21536
11001003100,"Northwest Washington, Washington, DC",21526
11001007503,"Historic Anacostia, Washington, DC",21157
11001008803,"Northeast Washington, Washington, DC",20915
11001009700,"Southeast Washington, Washington, DC",20700
11001010400,"Southeast Washington, Washington, DC",20590
11001005001,"Logan Circle, Washington, DC",20505
11001007709,"Fairlawn, Washington, DC",20454
11001009602,"Mayfair, Washington, DC",20357
11001006400,"Southwest Washington, Washington, DC",20221
11001009801,"Southeast Washington, Washington, DC",20013
11001008702,"Eckington, Washington, DC",19922
11001008802,"Northeast Washington, Washington, DC",19909
11001009907,"Southeast Washington, Washington, DC",19843
11001009102,"Brentwood, Washington, DC",19805
11001007601,"Southeast Washington, Washington, DC",19761
11001010600,"Near Northeast, Washington, DC",19750
11001007409,"Southeast Washington, Washington, DC",19300
11001004801,"Northwest Washington, Washington, DC",19246
11001007502,"Southeast Washington, Washington, DC",19231
11001009904,"Marshall Heights, Washington, DC",19111
11001004901,"Northwest Washington, Washington, DC",19069
11001007901,"Northeast Washington, Washington, DC",19061
11001009810,"Southeast Washington, Washington, DC",18508
11001009811,"Southeast Washington, Washington, DC",18346
11001007404,"Douglass, Washington, DC",18288
11001007407,"Barry Farm, Washington, DC",18227
11001010900,"Southwest Washington, Washington, DC",17861
11001007504,"Historic Anacostia, Washington, DC",17767
11001009802,"Southeast Washington, Washington, DC",17449
11001004702,"Northwest Washington, Washington, DC",17408
11001007804,"Lincoln Heights, Washington, DC",17257
11001008804,"Northeast Washington, Washington, DC",17163
11001008904,"Carver / Langston, Washington, DC",17151
11001008903,"Carver / Langston, Washington, DC",17093
11001009906,"Marshall Heights, Washington, DC",17026
11001007406,"Southeast Washington, Washington, DC",16333
11001004701,"Northwest Washington, Washington, DC",16208
11001007408,"Southeast Washington, Washington, DC",16134
11001007401,"Barry Farm, Washington, DC",16103
11001009204,"Edgewood, Washington, DC",15655
11001007200,"Capitol Riverfront, Washington, DC",14562
11001010800,"Northwest Washington, Washington, DC",
11001006202,"Northwest Washington, Washington, DC",
51013101601,"North Highland, Arlington, VA",
11001006804,"Southeast Washington, Washington, DC",
11001000201,"Georgetown, Washington, DC",